Key,Value
CellProfiler_Version,4.2.5
ChannelType_DAPI,Grayscale
ChannelType_FITC,Grayscale
ChannelType_IllumBlue,Grayscale
ChannelType_IllumGreen,Grayscale
ChannelType_IllumRed,Grayscale
ChannelType_RFP,Grayscale
ImageSet_Zip_Dictionary,b'IiBTaXplVD0iMSIgU2l6ZVg9IjEiIFNpemVZPSIxIj48VGlmZkRhdGEgRmlyc3RDPSIwIiBGaXJzdFQ9IjAiIEZpcnN0Wj0iMCIgSUZEPSIwIiBQbGFuZUNvdW50PSIxIj48VVVJRCBGaWxlTmFtZT0iZmlsZTovVm9sdW1lcy9ZaW4lMjA1VCUyMERyaXZlJTIwJTIzMy9TcGlubmluZ0Rpc2slMjBUaS0yLzktMjgtMjI0JTIwRU1UJTIwQ1AlMjBBNTQ5JTIwcGx6L3RpZmZfY29ycmVjdC9FeHBvcnRfQjExXzAwMDBfQyIgU2l6ZVQ9IjEiIFNpemVYPSIxIiBTaXplWT0iMSI+PFRpZmZEYXRhIEZpcnN0Qz0iMCIgRmlyc3RUPSIwIiBGaXJzdFo9IjAiIElGRD0iMCIgUGxhbmVDb3VudD0iMSI+PFVVSUQgRmlsZU5hbWU9ImZpbGU6L1ZvbHVtZXMvWWluJTIwNVQlMjBEcml2ZSUyMCUyMzMvU3Bpbm5pbmdEaXNrJTIwVGktMi85LTI4LTIyNCUyMEVNVCUyMENQJTIwQTU0OSUyMHBsei90aWZmX2NvcnJlY3QvRXhwb3J0X0IxMV8wMDBJbGx1bUdyZWVuSWxsdW1HcmVlbiIgU2l6ZVQ9IjEiIFNpemVYPSIxIiBTaXplWT0iMSI+PFRpZmZEYXRhIEZpcnN0Qz0iMCIgRmlyc3RUPSIwIiBGaXJzdFo9IjAiIElGRD0iMCIgUGxhbmVDb3VudD0iMSI+PFVVSUQgRmlsZU5hbWU9ImZpbGU6L1VzZXJzL2htYmFsbC9EZXNrdG9wLzktMjgtMjAyNCUyMEVNVCUyMGZvciUyMHRyYWluaW5nJTIwaW1hZ2VzL2lsbHVtaW5hdGlvbiUyMGNvcnJlY3Rpb24vSWxsdW1weUlsbHVtUmVkSWxsdW1SZWQiIFNpemVUPSIxIiBTaXplWD0iMSIgU2l6ZVk9IjEiPjxUaWZmRGF0YSBGaXJzdEM9IjAiIEZpcnN0VD0iMCIgRmlyc3RaPSIwIiBJRkQ9IjAiIFBsYW5lQ291bnQ9IjEiPjxVVUlEIEZpbGVOYW1lPSJmaWxlOi9Vc2Vycy9obWJhbGwvRGVza3RvcC85LTI4LTIwMjQlMjBFTVQlMjBmb3IlMjB0cmFpbmluZyUyMGltYWdlcy9pbGx1bWluYXRpb24lMjBjb3JyZWN0aW9uL0kubnB5Ii8+PC9UaWZmRGF0YT48UGxhbmUgVGhlQz0iMCIgVGhlVD0iMCIgVGhlWj0iMCIvPjwvUGl4ZWxzPjwvSW1hZ2U+PEltYWdlIElEPSJJbGx1bUJsdWUiPjxQaXhlbHMgRGltZW5zaW9uT3JkZXI9IlhZQ1pUIiBJRD0iUGl4ZWxzOklsbHVtQmx1ZSIgU2l6ZVQ9IjEiIFNpemVYPSIxIiBTaXplWT0iMSI+PFRpZmZEYXRhIEZpcnN0Qz0iMCIgRmlyc3RUPSIwIiBGaXJzdFo9IjAiIElGRD0iMCIgUGxhbmVDb3VudD0iMSI+PFVVSUQgRmlsZU5hbWU9ImZpbGU6L2Vyc2xsb3AvOS0yOC0yNG9yJTJuaW5naW1hZXN0aW9ucmVsbHVtbHVPPD94bWwgdmVyc2lvbj0iMS4wIiBlbmNvZGluZz0iVVRGLTgiPz48T01FIHhtbG5zPSJodHRwOi8vd3d3Lm9wZW5taWNyb3Njb3B5Lm9yZy9TY2hlbWFzL09NRS8yMDE2LTA2Ij48SW1hZ2UgSUQ9IkRBUEkiPjxQaXhlbHMgRGltZW5zaW9uT3JkZXI9IlhZQ1pUIiBJRD0iUGl4ZWxzOkRBUEkiIFNpemVUPSIxIiBTaXplWD0iMSIgU2l6ZVk9IjEiPjxUaWZmRGF0YSBGaXJzdEM9IjAiIEZpcnN0VD0iMCIgRmlyc3RaPSIwIiBJRkQ9IjAiIFBsYW5lQ291bnQ9IjEiPjxVVUlEIEZpbGVOYW1lPSJmaWxlOi9Wb2x1bWVzL1lpbiUyMDVUJTIwRHJpdmUlMjAlMjMzL1NwaW5uaW5nRGlzayUyMFRpLTIvOS0yOC0yMjQlMjBFTVQlMjBDUCUyMEE1NDklMjBwbHovdGlmZl9jb3JyZWN0L0V4cG9ydF9DMTBfMDAxN19DMS50aWYiLz48L1RpZmZEYXRhPjxQbGFuZSBUaGVDPSIwIiBUaGVUPSIwIiBUaGVaPSIwIi8+PC9QaXhlbHM+PC9JbWFnZT48SW1hZ2UgSUQ9IkZJVEMiPjxQaXhlbHMgRGltZW5zaW9uT3JkZXI9IlhZQ1pUIiBJRD0iUGl4ZWxzOkZJVEMiIFNpemVUPSIxIiBTaXplWD0iMSIgU2l6ZVk9IjEiPjxUaWZmRGF0YSBGaXJzdEM9IjAiIEZpcnN0VD0iMCIgRmlyc3RaPSIwIiBJRkQ9IjAiIFBsYW5lQ291bnQ9IjEiPjxVVUlEIEZpbGVOYW1lPSJmaWxlOi9Wb2x1bWVzL1lpbiUyMDVUJTIwRHJpdmUlMjAlMjMzL1NwaW5uaW5nRGlzayUyMFRpLTIvOS0yOC0yMjQlMjBFTVQlMjBDUCUyMEE1NDklMjBwbHovdGlmZl9jb3JyZWN0L0V4cG9ydF9DMV9DMi50aWYiLz48L1RpZmZEYXRhPjxQbGFuZSBUaGVDPSIwIiBUaGVUPSIwIiBUaGVaPSIwIi8+PC9QaXhlbHM+PC9JbWFnZT48SW1hZ2UgSUQ9IlJGUCI+PFBpeGVscyBEaW1lbnNpb25PcmRlcj0iWFlDWlQiIElEPSJQaXhlbHM6UkZQIiBTaXplVD0iMSIgU2l6ZVg9IjEiIFNpemVZPSIxIj48VGlmZkRhdGEgRmlyc3RDPSIwIiBGaXJzdFQ9IjAiIEZpcnN0Wj0iMCIgSUZEPSIwIiBQbGFuZUNvdW50PSIxIj48VVVJRCBGaWxlTmFtZT0iZmlsZTovVm9sdW1lcy9ZaW4lMjA1VCUyMERyaXZlJTIwJTIzMy9TcGlubmluZ0Rpc2slMjBUaS0yLzktMjgtMjI0JTIwRU1UJTIwQ1AlMjBBNTQ5JTIwcGx6L3RpZmZfY29ycmVjdC9FeHBvcnRfQzEwXzAwPD94bWwgdmVyc2lvbj0iMS4wIiBlbmNvZGluZz0iVVRGLTgiPz48T01FIHhtbG5zPSJodHRwOi8vd3d3Lm9wZW5taWNyb3Njb3B5Lm9yZy9TY2hlbWFzL09NRS8yMDE2LTA2Ij48SW1hZ2UgSUQ9IkRBUEkiPjxQaXhlbHMgRGltZW5zaW9uT3JkZXI9IlhZQ1pUIiBJRD0iUGl4ZWxzOkRBUEkiIFNpemVUPSIxIiBTaXplWD0iMSIgU2l6ZVk9IjEiPjxUaWZmRGF0YSBGaXJzdEM9IjAiIEZpcnN0VD0iMCIgRmlyc3RaPSIwIiBJRkQ9IjAiIFBsYW5lQ291bnQ9IjEiPjxVVUlEIEZpbGVOYW1lPSJmaWxlOi9Wb2x1bWVzL1lpbiUyMDVUJTIwRHJpdmUlMjAlMjMzL1NwaW5uaW5nRGlzayUyMFRpLTIvOS0yOC0yMjQlMjBFTVQlMjBDUCUyMEE1NDklMjBwbHovdGlmZl9jb3JyZWN0L0V4cG9ydF9DMTFfMDAzNF9DMS50aWYiLz48L1RpZmZEYXRhPjxQbGFuZSBUaGVDPSIwIiBUaGVUPSIwIiBUaGVaPSIwIi8+PC9QaXhlbHM+PC9JbWFnZT48SW1hZ2UgSUQ9IkZJVEMiPjxQaXhlbHMgRGltZW5zaW9uT3JkZXI9IlhZQ1pUIiBJRD0iUGl4ZWxzOkZJVEMiIFNpemVUPSIxIiBTaXplWD0iMSIgU2l6ZVk9IjEiPjxUaWZmRGF0YSBGaXJzdEM9IjAiIEZpcnN0VD0iMCIgRmlyc3RaPSIwIiBJRkQ9IjAiIFBsYW5lQ291bnQ9IjEiPjxVVUlEIEZpbGVOYW1lPSJmaWxlOi9Wb2x1bWVzL1lpbiUyMDVUJTIwRHJpdmUlMjAlMjMzL1NwaW5uaW5nRGlzayUyMFRpLTIvOS0yOC0yMjQlMjBFTVQlMjBDUCUyMEE1NDklMjBwbHovdGlmZl9jb3JyZWN0L0V4cG9ydF9fQzIudGlmIi8+PC9UaWZmRGF0YT48UGxhbmUgVGhlQz0iMCIgVGhlVD0iMCIgVGhlWj0iMCIvPjwvUGl4ZWxzPjwvSW1hZ2U+PEltYWdlIElEPSJSRlAiPjxQaXhlbHMgRGltZW5zaW9uT3JkZXI9IlhZQ1pUIiBJRD0iUGl4ZWxzOlJGUCIgU2l6ZVQ9IjEiIFNpemVYPSIxIiBTaXplWT0iMSI+PFRpZmZEYXRhIEZpcnN0Qz0iMCIgRmlyc3RUPSIwIiBGaXJzdFo9IjAiIElGRD0iMCIgUGxhbmVDb3VudD0iMSI+PFVVSUQgRmlsZU5hbWU9ImZpbGU6L1ZvbHVtZXMvWWluJTIwNVQlMjBEcml2ZSUyMCUyMzMvU3Bpbm5pbmdEaXNrJTIwVGktMi85LTI4LTIyNCUyMEVNVCUyMENQJTIwQTU0OSUyMHBsei90aWZmX2NvcnJlY3QvRXhwb3J0X0M8P3htbCB2ZXJzaW9uPSIxLjAiIGVuY29kaW5nPSJVVEYtOCI/PjxPTUUgeG1sbnM9Imh0dHA6Ly93d3cub3Blbm1pY3Jvc2NvcHkub3JnL1NjaGVtYXMvT01FLzIwMTYtMDYiPjxJbWFnZSBJRD0iREFQSSI+PFBpeGVscyBEaW1lbnNpb25PcmRlcj0iWFlDWlQiIElEPSJQaXhlbHM6REFQSSIgU2l6ZVQ9IjEiIFNpemVYPSIxIiBTaXplWT0iMSI+PFRpZmZEYXRhIEZpcnN0Qz0iMCIgRmlyc3RUPSIwIiBGaXJzdFo9IjAiIElGRD0iMCIgUGxhbmVDb3VudD0iMSI+PFVVSUQgRmlsZU5hbWU9ImZpbGU6L1ZvbHVtZXMvWWluJTIwNVQlMjBEcml2ZSUyMCUyMzMvU3Bpbm5pbmdEaXNrJTIwVGktMi85LTI4LTIyNCUyMEVNVCUyMENQJTIwQTU0OSUyMHBsei90aWZmX2NvcnJlY3QvRXhwb3J0X0QxMF8wMDUxX0MxLnRpZiIvPjwvVGlmZkRhdGE+PFBsYW5lIFRoZUM9IjAiIFRoZVQ9IjAiIFRoZVo9IjAiLz48L1BpeGVscz48L0ltYWdlPjxJbWFnZSBJRD0iRklUQyI+PFBpeGVscyBEaW1lbnNpb25PcmRlcj0iWFlDWlQiIElEPSJQaXhlbHM6RklUQyIgU2l6ZVQ9IjEiIFNpemVYPSIxIiBTaXplWT0iMSI+PFRpZmZEYXRhIEZpcnN0Qz0iMCIgRmlyc3RUPSIwIiBGaXJzdFo9IjAiIElGRD0iMCIgUGxhbmVDb3VudD0iMSI+PFVVSUQgRmlsZU5hbWU9ImZpbGU6L1ZvbHVtZXMvWWluJTIwNVQlMjBEcml2ZSUyMCUyMzMvU3Bpbm5pbmdEaXNrJTIwVGktMi85LTI4LTIyNCUyMEVNVCUyMENQJTIwQTU0OSUyMHBsei90aWZmX2NvcnJlY3QvRXhwb3J0X0QxX0MyLnRpZiIvPjwvVGlmZkRhdGE+PFBsYW5lIFRoZUM9IjAiIFRoZVQ9IjAiIFRoZVo9IjAiLz48L1BpeGVscz48L0ltYWdlPjxJbWFnZSBJRD0iUkZQIj48UGl4ZWxzIERpbWVuc2lvbk9yZGVyPSJYWUNaVCIgSUQ9IlBpeGVsczpSRlAiIFNpemVUPSIxIiBTaXplWD0iMSIgU2l6ZVk9IjEiPjxUaWZmRGF0YSBGaXJzdEM9IjAiIEZpcnN0VD0iMCIgRmlyc3RaPSIwIiBJRkQ9IjAiIFBsYW5lQ291bnQ9IjEiPjxVVUlEIEZpbGVOYW1lPSJmaWxlOi9Wb2x1bWVzL1lpbiUyMDVUJTIwRHJpdmUlMjAlMjMzL1NwaW5uaW5nRGlzayUyMFRpLTIvOS0yOC0yMjQlMjBFTVQlMjBDUCUyMEE1NDklMjBwbHovdGlmZl9jb3JyZWN0L0V4cG9ydF9EMTBfMDV4bWxzaW9uMS4wImNvRjg/T01FbnM6L3d3Lm9taS9TY2hzL09NRTAxLTA2Ij48SW1hZ2UgSUQ9IkkiPjxQaXhlbHMgRGltZW5zaW9uT3JkZXI9IlhZQ1pUIiBJRD0iUGl4ZWxzOkRBUEkiIFNpemVUPSIxIiBTaXplWD0iMSIgU2l6ZVk9IjEiPjxUaWZmRGF0YSBGaXJzdEM9IjAiIEZpcnN0VD0iMCIgRmlyc3RaPSIwIiBJRkQ9IjAiIFBsYW5lQ291bnQ9IjEiPjxVVUlEIEZpbGVOYW1lPSJmaWxlOi9Wb2x1bWVzL1lpbiUyMDVUJTIwRHJpdmUlMjAlMjMzL1NwaW5uaW5nRGlzayUyMFRpLTIvOS0yOC0yMjQlMjBFTVQlMjBDUCUyMEE1NDklMjBwbHovdGlmZl9jb3JyZWN0L0V4cG9ydF9EMTFfMDA2OF9DMS50aWYiLz48L1RpZmZEYXRhPjxQbGFuZSBUaGVDPSIwIiBUaGVUPSIwIiBUaGVaPSIwIi8+PC9QaXhlbHM+PC9JbWFnZT48SW1hZ2UgSUQ9IkNGSVRDIjJ0aWY+PGlmZmF0UGxhbmUgVGhlQz0iMCIgVGhlVD0iMCJaPSIwIi8+PC94PjwvSW1hZ2UgSVJQPjxQaXhlbHMgRGllclQiIElSRlAiIFNpemU9IjEiIFNpemVYPSIxIlk9IjEiPjxUaWZmRGF0YSBGaXJzdEM9IjAiIEZpcnN0VD0iMCIgWj0iMCJEPSI9IjFVSUQgRmlsbWVpbGU6ZXMvaW4lMjB2ZSUyMDNza1RpLTIyNCUyMEVNVCUyMEE5enRpY29ycmVjdDFf'
Metadata_Tags,"[""ImageNumber""]"
Pipeline_Pipeline,"CellProfiler Pipeline: http://www.cellprofiler.org
Version:5
DateRevision:425
GitHash:
ModuleCount:32
HasImagePlaneDetails:False

Images:[module_num:1|svn_version:'Unknown'|variable_revision_number:2|show_window:False|notes:['This pipeline is used to extract size/shape information from pre-treated cells in the modified Cell Painting assay workflow.', '', 'Input:', 'The illumination functions for each channel (DAPI, FITC, RFP), generated using a different Cell Profiler pipeline.', 'Cropped, 3-channel images', '', 'Note: I typically run this pipeline one row condition at a time. The different TGF-B treatment conditions seemed to have an appreciable effect on the staining of the different channels, so you need to make sure the pipeline (particularly the object identification modules) are working properly for each condition.']|batch_state:array([], dtype=uint8)|enabled:True|wants_pause:False]
    :
    Filter images?:No filtering
    Select the rule criteria:and (extension does isimage) (directory doesnot containregexp ""[\\\\/]\\."")

Metadata:[module_num:2|svn_version:'Unknown'|variable_revision_number:6|show_window:False|notes:['The Metadata module optionally allows you to extract information describing your images (i.e, metadata) which will be stored along with your measurements. This information can be contained in the file name and/or location, or in an external file.']|batch_state:array([], dtype=uint8)|enabled:True|wants_pause:False]
    Extract metadata?:Yes
    Metadata data type:Text
    Metadata types:{}
    Extraction method count:1
    Metadata extraction method:Extract from file/folder names
    Metadata source:File name
    Regular expression to extract from file name:_C(?P<Channel>[0-9]).tif
    Regular expression to extract from folder name:(?P<Date>[0-9]{4}_[0-9]{2}_[0-9]{2})$
    Extract metadata from:All images
    Select the filtering criteria:and (file does contain """")
    Metadata file location:Elsewhere...|
    Match file and image metadata:[]
    Use case insensitive matching?:No
    Metadata file name:None
    Does cached metadata exist?:No

NamesAndTypes:[module_num:3|svn_version:'Unknown'|variable_revision_number:8|show_window:False|notes:['The NamesAndTypes module allows you to assign a meaningful name to each image by which other modules will refer to it.']|batch_state:array([], dtype=uint8)|enabled:True|wants_pause:False]
    Assign a name to:Images matching rules
    Select the image type:Grayscale image
    Name to assign these images:DNA
    Match metadata:[]
    Image set matching method:Order
    Set intensity range from:Image metadata
    Assignments count:3
    Single images count:3
    Maximum intensity:255.0
    Process as 3D?:No
    Relative pixel spacing in X:1.0
    Relative pixel spacing in Y:1.0
    Relative pixel spacing in Z:1.0
    Select the rule criteria:and (metadata does Channel ""1"")
    Name to assign these images:DAPI
    Name to assign these objects:Cell
    Select the image type:Grayscale image
    Set intensity range from:Image metadata
    Maximum intensity:255.0
    Select the rule criteria:and (metadata does Channel ""2"")
    Name to assign these images:FITC
    Name to assign these objects:Nucleus
    Select the image type:Grayscale image
    Set intensity range from:Image metadata
    Maximum intensity:255.0
    Select the rule criteria:and (metadata does Channel ""3"")
    Name to assign these images:RFP
    Name to assign these objects:Cytoplasm
    Select the image type:Grayscale image
    Set intensity range from:Image metadata
    Maximum intensity:255.0
    Single image location:file:/Users/hmball/Desktop/9-28-2024%20EMT%20for%20training%20images/illumination%20correction/IllumGreen.npy
    Name to assign this image:IllumGreen
    Name to assign these objects:Speckle
    Select the image type:Grayscale image
    Set intensity range from:Image metadata
    Maximum intensity:255.0
    Single image location:file:/Users/hmball/Desktop/9-28-2024%20EMT%20for%20training%20images/illumination%20correction/IllumRed.npy
    Name to assign this image:IllumRed
    Name to assign these objects:Speckle
    Select the image type:Grayscale image
    Set intensity range from:Image metadata
    Maximum intensity:255.0
    Single image location:file:/Users/hmball/Desktop/9-28-2024%20EMT%20for%20training%20images/illumination%20correction/illumBlue.npy
    Name to assign this image:IllumBlue
    Name to assign these objects:Speckle
    Select the image type:Grayscale image
    Set intensity range from:Image metadata
    Maximum intensity:255.0

Groups:[module_num:4|svn_version:'Unknown'|variable_revision_number:2|show_window:False|notes:['The Groups module optionally allows you to split your list of images into image subsets (groups) which will be processed independently of each other. Examples of groupings include screening batches, microtiter plates, time-lapse movies, etc.']|batch_state:array([], dtype=uint8)|enabled:True|wants_pause:False]
    Do you want to group your images?:No
    grouping metadata count:1
    Metadata category:Well

CorrectIlluminationApply:[module_num:5|svn_version:'Unknown'|variable_revision_number:5|show_window:False|notes:['Apply illumination correction to each of the original images.', '', 'Note: I feel that the more images the Illumination Correction pipeline sees, the better it will perform.', 'Typically, done for each channel once per plate.']|batch_state:array([], dtype=uint8)|enabled:True|wants_pause:False]
    Select the input image:DAPI
    Name the output image:CorrDAPI
    Select the illumination function:IllumBlue
    Select how the illumination function is applied:Divide
    Select the input image:FITC
    Name the output image:CorrFITC_pre
    Select the illumination function:IllumGreen
    Select how the illumination function is applied:Divide
    Select the input image:RFP
    Name the output image:CorrRFP_pre
    Select the illumination function:IllumRed
    Select how the illumination function is applied:Divide
    Set output image values less than 0 equal to 0?:Yes
    Set output image values greater than 1 equal to 1?:Yes

MeasureImageQuality:[module_num:6|svn_version:'Unknown'|variable_revision_number:6|show_window:False|notes:['Can be used to calculate image quality for different fluorescent channels.', '', 'Note: Currently not being used in the pipeline, but may be implemented at a later time.']|batch_state:array([], dtype=uint8)|enabled:False|wants_pause:False]
    Calculate metrics for which images?:Select...
    Image count:1
    Scale count:3
    Threshold count:1
    Select the images to measure:DAPI, FITC, RFP
    Include the image rescaling value?:Yes
    Calculate blur metrics?:Yes
    Spatial scale for blur measurements:5
    Spatial scale for blur measurements:10
    Spatial scale for blur measurements:20
    Calculate saturation metrics?:Yes
    Calculate intensity metrics?:Yes
    Calculate thresholds?:No
    Use all thresholding methods?:No
    Select a thresholding method:Otsu
    Typical fraction of the image covered by objects:0.1
    Two-class or three-class thresholding?:Two classes
    Minimize the weighted variance or the entropy?:Weighted variance
    Assign pixels in the middle intensity class to the foreground or the background?:Foreground

MeasureImageQuality:[module_num:7|svn_version:'Unknown'|variable_revision_number:6|show_window:False|notes:['Can be used to calculate image quality for different fluorescent channels.', 'This module specifically calculates threshold QC metrics.', '', 'Note: Currently not being used in the pipeline, but may be implemented at a later time.']|batch_state:array([], dtype=uint8)|enabled:False|wants_pause:False]
    Calculate metrics for which images?:Select...
    Image count:4
    Scale count:3
    Threshold count:1
    Scale count:1
    Threshold count:1
    Scale count:1
    Threshold count:1
    Scale count:1
    Threshold count:1
    Select the images to measure:DAPI
    Include the image rescaling value?:No
    Calculate blur metrics?:No
    Spatial scale for blur measurements:5
    Spatial scale for blur measurements:10
    Spatial scale for blur measurements:20
    Calculate saturation metrics?:No
    Calculate intensity metrics?:No
    Calculate thresholds?:Yes
    Use all thresholding methods?:No
    Select a thresholding method:Otsu
    Typical fraction of the image covered by objects:0.1
    Two-class or three-class thresholding?:Two classes
    Minimize the weighted variance or the entropy?:Weighted variance
    Assign pixels in the middle intensity class to the foreground or the background?:Foreground
    Select the images to measure:FITC
    Include the image rescaling value?:No
    Calculate blur metrics?:No
    Spatial scale for blur measurements:20
    Calculate saturation metrics?:No
    Calculate intensity metrics?:No
    Calculate thresholds?:Yes
    Use all thresholding methods?:No
    Select a thresholding method:Otsu
    Typical fraction of the image covered by objects:0.1
    Two-class or three-class thresholding?:Three classes
    Minimize the weighted variance or the entropy?:Weighted variance
    Assign pixels in the middle intensity class to the foreground or the background?:Foreground
    Select the images to measure:RFP
    Include the image rescaling value?:No
    Calculate blur metrics?:No
    Spatial scale for blur measurements:20
    Calculate saturation metrics?:No
    Calculate intensity metrics?:No
    Calculate thresholds?:Yes
    Use all thresholding methods?:No
    Select a thresholding method:Otsu
    Typical fraction of the image covered by objects:0.1
    Two-class or three-class thresholding?:Three classes
    Minimize the weighted variance or the entropy?:Weighted variance
    Assign pixels in the middle intensity class to the foreground or the background?:Foreground
    Select the images to measure:CY5
    Include the image rescaling value?:No
    Calculate blur metrics?:No
    Spatial scale for blur measurements:20
    Calculate saturation metrics?:No
    Calculate intensity metrics?:No
    Calculate thresholds?:Yes
    Use all thresholding methods?:No
    Select a thresholding method:Otsu
    Typical fraction of the image covered by objects:0.1
    Two-class or three-class thresholding?:Three classes
    Minimize the weighted variance or the entropy?:Weighted variance
    Assign pixels in the middle intensity class to the foreground or the background?:Foreground

CorrectIlluminationCalculate:[module_num:8|svn_version:'Unknown'|variable_revision_number:2|show_window:False|notes:['Calculate another illumination function that will act as the background of the image. This helps remove background noise from DAPI images, which I’ve found aids in object identification.']|batch_state:array([], dtype=uint8)|enabled:True|wants_pause:False]
    Select the input image:DAPI
    Name the output image:IllumBlue
    Select how the illumination function is calculated:Background
    Dilate objects in the final averaged image?:No
    Dilation radius:1
    Block size:30
    Rescale the illumination function?:No
    Calculate function for each image individually, or based on all images?:Each
    Smoothing method:Gaussian Filter
    Method to calculate smoothing filter size:Manually
    Approximate object diameter:10
    Smoothing filter size:50
    Retain the averaged image?:No
    Name the averaged image:IllumBlueAvg
    Retain the dilated image?:No
    Name the dilated image:IllumBlueDilated
    Automatically calculate spline parameters?:Yes
    Background mode:auto
    Number of spline points:5
    Background threshold:2.0
    Image resampling factor:2.0
    Maximum number of iterations:40
    Residual value for convergence:0.001

CorrectIlluminationApply:[module_num:9|svn_version:'Unknown'|variable_revision_number:5|show_window:False|notes:['Remove background. Applies the illumination function calculation from previous module.']|batch_state:array([], dtype=uint8)|enabled:True|wants_pause:False]
    Select the input image:DAPI
    Name the output image:CorrBlue
    Select the illumination function:IllumBlue
    Select how the illumination function is applied:Subtract
    Set output image values less than 0 equal to 0?:Yes
    Set output image values greater than 1 equal to 1?:Yes

CorrectIlluminationCalculate:[module_num:10|svn_version:'Unknown'|variable_revision_number:2|show_window:False|notes:[]|batch_state:array([], dtype=uint8)|enabled:True|wants_pause:False]
    Select the input image:FITC
    Name the output image:IllumFITC
    Select how the illumination function is calculated:Background
    Dilate objects in the final averaged image?:No
    Dilation radius:1
    Block size:30
    Rescale the illumination function?:No
    Calculate function for each image individually, or based on all images?:Each
    Smoothing method:Gaussian Filter
    Method to calculate smoothing filter size:Manually
    Approximate object diameter:10
    Smoothing filter size:50
    Retain the averaged image?:No
    Name the averaged image:IllumBlueAvg
    Retain the dilated image?:No
    Name the dilated image:IllumBlueDilated
    Automatically calculate spline parameters?:Yes
    Background mode:auto
    Number of spline points:5
    Background threshold:2.0
    Image resampling factor:2.0
    Maximum number of iterations:40
    Residual value for convergence:0.001

CorrectIlluminationCalculate:[module_num:11|svn_version:'Unknown'|variable_revision_number:2|show_window:False|notes:[]|batch_state:array([], dtype=uint8)|enabled:True|wants_pause:False]
    Select the input image:RFP
    Name the output image:IllumRFP
    Select how the illumination function is calculated:Background
    Dilate objects in the final averaged image?:No
    Dilation radius:1
    Block size:30
    Rescale the illumination function?:No
    Calculate function for each image individually, or based on all images?:Each
    Smoothing method:Gaussian Filter
    Method to calculate smoothing filter size:Manually
    Approximate object diameter:10
    Smoothing filter size:65
    Retain the averaged image?:No
    Name the averaged image:IllumBlueAvg
    Retain the dilated image?:No
    Name the dilated image:IllumBlueDilated
    Automatically calculate spline parameters?:Yes
    Background mode:auto
    Number of spline points:5
    Background threshold:2.0
    Image resampling factor:2.0
    Maximum number of iterations:40
    Residual value for convergence:0.001

CorrectIlluminationApply:[module_num:12|svn_version:'Unknown'|variable_revision_number:5|show_window:False|notes:[]|batch_state:array([], dtype=uint8)|enabled:True|wants_pause:False]
    Select the input image:FITC
    Name the output image:CorrFITC
    Select the illumination function:IllumFITC
    Select how the illumination function is applied:Subtract
    Select the input image:RFP
    Name the output image:CorrRFP
    Select the illumination function:IllumRFP
    Select how the illumination function is applied:Subtract
    Set output image values less than 0 equal to 0?:Yes
    Set output image values greater than 1 equal to 1?:Yes

IdentifyPrimaryObjects:[module_num:13|svn_version:'Unknown'|variable_revision_number:15|show_window:False|notes:['Identify nuclei in image.', '', 'Note: There are several things that can be modified here to help adjust primary object identifiation.', 'Minimum Cross Entropy vs Otsu (both 2 and 3 class) are the two major thesholding methods I utilized.', 'The ""size of the smoothing filter"" and ""suppress local maxima…"" parameters can help to correct for both over and under segmenation.']|batch_state:array([], dtype=uint8)|enabled:True|wants_pause:False]
    Select the input image:CorrBlue
    Name the primary objects to be identified:Nuclei
    Typical diameter of objects, in pixel units (Min,Max):12,60
    Discard objects outside the diameter range?:Yes
    Discard objects touching the border of the image?:Yes
    Method to distinguish clumped objects:Shape
    Method to draw dividing lines between clumped objects:Intensity
    Size of smoothing filter:15
    Suppress local maxima that are closer than this minimum allowed distance:22
    Speed up by using lower-resolution image to find local maxima?:No
    Fill holes in identified objects?:After declumping only
    Automatically calculate size of smoothing filter for declumping?:No
    Automatically calculate minimum allowed distance between local maxima?:No
    Handling of objects if excessive number of objects identified:Continue
    Maximum number of objects:500
    Use advanced settings?:Yes
    Threshold setting version:12
    Threshold strategy:Global
    Thresholding method:Minimum Cross-Entropy
    Threshold smoothing scale:1.38
    Threshold correction factor:0.95
    Lower and upper bounds on threshold:0.002,1.0
    Manual threshold:0.0
    Select the measurement to threshold with:None
    Two-class or three-class thresholding?:Two classes
    Log transform before thresholding?:Yes
    Assign pixels in the middle intensity class to the foreground or the background?:Foreground
    Size of adaptive window:50
    Lower outlier fraction:0.05
    Upper outlier fraction:0.05
    Averaging method:Mean
    Variance method:Standard deviation
    # of deviations:2.0
    Thresholding method:Minimum Cross-Entropy

ImageMath:[module_num:14|svn_version:'Unknown'|variable_revision_number:5|show_window:False|notes:['This module adds the FITC (SYTO14) and RFP (membrane and actin) channels together to create one merged channel.']|batch_state:array([], dtype=uint8)|enabled:True|wants_pause:False]
    Operation:Add
    Raise the power of the result by:1.0
    Multiply the result by:1.0
    Add to result:0.0
    Set values less than 0 equal to 0?:Yes
    Set values greater than 1 equal to 1?:Yes
    Replace invalid values with 0?:Yes
    Ignore the image masks?:No
    Name the output image:Combined_Channels
    Image or measurement?:Image
    Select the first image:CorrFITC
    Multiply the first image by:1.0
    Measurement:
    Image or measurement?:Image
    Select the second image:CorrRFP
    Multiply the second image by:1.0
    Measurement:

IdentifySecondaryObjects:[module_num:15|svn_version:'Unknown'|variable_revision_number:10|show_window:False|notes:['Secondary object detection based on merged FITC and RFP channels.']|batch_state:array([], dtype=uint8)|enabled:True|wants_pause:False]
    Select the input objects:Nuclei
    Name the objects to be identified:Cells
    Select the method to identify the secondary objects:Watershed - Image
    Select the input image:Combined_Channels
    Number of pixels by which to expand the primary objects:10
    Regularization factor:0.01
    Discard secondary objects touching the border of the image?:Yes
    Discard the associated primary objects?:Yes
    Name the new primary objects:FilteredNuclei
    Fill holes in identified objects?:Yes
    Threshold setting version:12
    Threshold strategy:Global
    Thresholding method:Otsu
    Threshold smoothing scale:1.3488
    Threshold correction factor:0.85
    Lower and upper bounds on threshold:0.001,1
    Manual threshold:0.0
    Select the measurement to threshold with:None
    Two-class or three-class thresholding?:Three classes
    Log transform before thresholding?:No
    Assign pixels in the middle intensity class to the foreground or the background?:Foreground
    Size of adaptive window:50
    Lower outlier fraction:0.05
    Upper outlier fraction:0.05
    Averaging method:Mean
    Variance method:Standard deviation
    # of deviations:2.0
    Thresholding method:Minimum Cross-Entropy

MeasureObjectNeighbors:[module_num:16|svn_version:'Unknown'|variable_revision_number:3|show_window:False|notes:['Find objects that have been poorly segmented / are just too close to one another.']|batch_state:array([], dtype=uint8)|enabled:True|wants_pause:False]
    Select objects to measure:Nuclei
    Select neighboring objects to measure:Nuclei
    Method to determine neighbors:Adjacent
    Neighbor distance:5
    Consider objects discarded for touching image border?:Yes
    Retain the image of objects colored by numbers of neighbors?:No
    Name the output image:ObjectNeighborCount
    Select colormap:Blues
    Retain the image of objects colored by percent of touching pixels?:No
    Name the output image:PercentTouching
    Select colormap:Oranges

FilterObjects:[module_num:17|svn_version:'Unknown'|variable_revision_number:10|show_window:False|notes:['Remove primary objects that are split when they should not be.']|batch_state:array([], dtype=uint8)|enabled:True|wants_pause:False]
    Select the objects to filter:Nuclei
    Name the output objects:FilteredNuclei_
    Select the filtering mode:Measurements
    Select the filtering method:Limits
    Select the objects that contain the filtered objects:None
    Select the location of the rules or classifier file:Elsewhere...|
    Rules or classifier file name:rules.txt
    Class number:1
    Measurement count:1
    Additional object count:0
    Assign overlapping child to:Both parents
    Keep removed objects as a separate set?:No
    Name the objects removed by the filter:RemovedObjects
    Select the measurement to filter by:Neighbors_NumberOfNeighbors_Adjacent
    Filter using a minimum measurement value?:No
    Minimum value:0.0
    Filter using a maximum measurement value?:Yes
    Maximum value:1
    Allow fuzzy feature matching?:No

RelateObjects:[module_num:18|svn_version:'Unknown'|variable_revision_number:5|show_window:False|notes:['Links the filtered nuclei from the previous module to the corresponding cell objects closest to their centroids.']|batch_state:array([], dtype=uint8)|enabled:True|wants_pause:False]
    Parent objects:FilteredNuclei_
    Child objects:Cells
    Calculate child-parent distances?:Centroid
    Calculate per-parent means for all child measurements?:Yes
    Calculate distances to other parents?:No
    Do you want to save the children with parents as a new object set?:No
    Name the output object:RelateObjects
    Parent name:None

FilterObjects:[module_num:19|svn_version:'Unknown'|variable_revision_number:10|show_window:False|notes:['Removes all cell objects that don’t have a nuclei parent object.']|batch_state:array([], dtype=uint8)|enabled:True|wants_pause:False]
    Select the objects to filter:Cells
    Name the output objects:FilteredCells
    Select the filtering mode:Measurements
    Select the filtering method:Limits
    Select the objects that contain the filtered objects:None
    Select the location of the rules or classifier file:Elsewhere...|
    Rules or classifier file name:rules.txt
    Class number:1
    Measurement count:1
    Additional object count:0
    Assign overlapping child to:Both parents
    Keep removed objects as a separate set?:No
    Name the objects removed by the filter:RemovedObjects
    Select the measurement to filter by:Parent_FilteredNuclei_
    Filter using a minimum measurement value?:Yes
    Minimum value:1
    Filter using a maximum measurement value?:No
    Maximum value:1.0
    Allow fuzzy feature matching?:No

RelateObjects:[module_num:20|svn_version:'Unknown'|variable_revision_number:5|show_window:False|notes:[]|batch_state:array([], dtype=uint8)|enabled:True|wants_pause:False]
    Parent objects:FilteredCells
    Child objects:FilteredNuclei_
    Calculate child-parent distances?:Centroid
    Calculate per-parent means for all child measurements?:Yes
    Calculate distances to other parents?:No
    Do you want to save the children with parents as a new object set?:No
    Name the output object:RelateObjects
    Parent name:None

FilterObjects:[module_num:21|svn_version:'Unknown'|variable_revision_number:10|show_window:False|notes:[]|batch_state:array([], dtype=uint8)|enabled:True|wants_pause:False]
    Select the objects to filter:FilteredNuclei_
    Name the output objects:Final_Nuclei
    Select the filtering mode:Measurements
    Select the filtering method:Limits
    Select the objects that contain the filtered objects:None
    Select the location of the rules or classifier file:Elsewhere...|
    Rules or classifier file name:rules.txt
    Class number:1
    Measurement count:1
    Additional object count:0
    Assign overlapping child to:Both parents
    Keep removed objects as a separate set?:No
    Name the objects removed by the filter:RemovedObjects
    Select the measurement to filter by:Parent_FilteredCells
    Filter using a minimum measurement value?:Yes
    Minimum value:1
    Filter using a maximum measurement value?:No
    Maximum value:1.0
    Allow fuzzy feature matching?:No

MeasureObjectSizeShape:[module_num:22|svn_version:'Unknown'|variable_revision_number:3|show_window:False|notes:[]|batch_state:array([], dtype=uint8)|enabled:True|wants_pause:False]
    Select object sets to measure:FilteredCells, Final_Nuclei
    Calculate the Zernike features?:Yes
    Calculate the advanced features?:Yes

RescaleIntensity:[module_num:23|svn_version:'Unknown'|variable_revision_number:3|show_window:False|notes:[]|batch_state:array([], dtype=uint8)|enabled:True|wants_pause:False]
    Select the input image:CorrDAPI
    Name the output image:RescaleIntensity
    Rescaling method:Stretch each image to use the full intensity range
    Method to calculate the minimum intensity:Custom
    Method to calculate the maximum intensity:Custom
    Lower intensity limit for the input image:0.0
    Upper intensity limit for the input image:1.0
    Intensity range for the input image:0.0,1.0
    Intensity range for the output image:0.0,1.0
    Select image to match in maximum intensity:None
    Divisor value:1.0
    Divisor measurement:None

RescaleIntensity:[module_num:24|svn_version:'Unknown'|variable_revision_number:3|show_window:False|notes:[]|batch_state:array([], dtype=uint8)|enabled:True|wants_pause:False]
    Select the input image:CorrFITC
    Name the output image:RescaleIntensity
    Rescaling method:Stretch each image to use the full intensity range
    Method to calculate the minimum intensity:Custom
    Method to calculate the maximum intensity:Custom
    Lower intensity limit for the input image:0.0
    Upper intensity limit for the input image:1.0
    Intensity range for the input image:0.0,1.0
    Intensity range for the output image:0.0,1.0
    Select image to match in maximum intensity:None
    Divisor value:1.0
    Divisor measurement:None

RescaleIntensity:[module_num:25|svn_version:'Unknown'|variable_revision_number:3|show_window:False|notes:[]|batch_state:array([], dtype=uint8)|enabled:True|wants_pause:False]
    Select the input image:CorrRFP
    Name the output image:RescaleIntensity
    Rescaling method:Stretch each image to use the full intensity range
    Method to calculate the minimum intensity:Custom
    Method to calculate the maximum intensity:Custom
    Lower intensity limit for the input image:0.0
    Upper intensity limit for the input image:1.0
    Intensity range for the input image:0.0,1.0
    Intensity range for the output image:0.0,1.0
    Select image to match in maximum intensity:None
    Divisor value:1.0
    Divisor measurement:None

GrayToColor:[module_num:26|svn_version:'Unknown'|variable_revision_number:4|show_window:False|notes:[]|batch_state:array([], dtype=uint8)|enabled:True|wants_pause:False]
    Select a color scheme:RGB
    Rescale intensity:Yes
    Select the image to be colored red:Leave this black
    Select the image to be colored green:CorrFITC
    Select the image to be colored blue:CorrBlue
    Name the output image:Composite
    Relative weight for the red image:1.0
    Relative weight for the green image:1.0
    Relative weight for the blue image:1.0
    Select the image to be colored cyan:Leave this black
    Select the image to be colored magenta:Leave this black
    Select the image to be colored yellow:Leave this black
    Select the image that determines brightness:Leave this black
    Relative weight for the cyan image:1.0
    Relative weight for the magenta image:1.0
    Relative weight for the yellow image:1.0
    Relative weight for the brightness image:1.0
    Hidden:1
    Image name:None
    Color:#ff0000
    Weight:1.0

OverlayOutlines:[module_num:27|svn_version:'Unknown'|variable_revision_number:4|show_window:False|notes:[]|batch_state:array([], dtype=uint8)|enabled:True|wants_pause:False]
    Display outlines on a blank image?:No
    Select image on which to display outlines:Composite
    Name the output image:Overlay
    Outline display mode:Color
    Select method to determine brightness of outlines:Max of image
    How to outline:Inner
    Select outline color:#FB0207
    Select objects to display:FilteredNuclei_
    Select outline color:#FFFF0A
    Select objects to display:FilteredCells

DisplayDataOnImage:[module_num:28|svn_version:'Unknown'|variable_revision_number:6|show_window:False|notes:[]|batch_state:array([], dtype=uint8)|enabled:True|wants_pause:False]
    Display object or image measurements?:Object
    Select the input objects:FilteredCells
    Measurement to display:Number_Object_Number
    Select the image on which to display the measurements:Overlay
    Text color:#FFFFFF
    Name the output image that has the measurements displayed:Overlay_object_num
    Font size (points):8
    Number of decimals:0
    Image elements to save:Image
    Annotation offset (in pixels):0
    Display mode:Text
    Color map:Default
    Display background image?:Yes
    Color map scale:Use this image's measurement range
    Color map range:0.0,1.0
    Font:.Aqua Kana
    Use scientific notation?:No
    Font weight:normal

DisplayDataOnImage:[module_num:29|svn_version:'Unknown'|variable_revision_number:6|show_window:False|notes:[]|batch_state:array([], dtype=uint8)|enabled:True|wants_pause:False]
    Display object or image measurements?:Object
    Select the input objects:Final_Nuclei
    Measurement to display:Number_Object_Number
    Select the image on which to display the measurements:Overlay_object_num
    Text color:red
    Name the output image that has the measurements displayed:DisplayImage
    Font size (points):8
    Number of decimals:0
    Image elements to save:Image
    Annotation offset (in pixels):0
    Display mode:Text
    Color map:Default
    Display background image?:Yes
    Color map scale:Use this image's measurement range
    Color map range:0.0,1.0
    Font:.Aqua Kana
    Use scientific notation?:No
    Font weight:normal

SaveImages:[module_num:30|svn_version:'Unknown'|variable_revision_number:16|show_window:False|notes:[]|batch_state:array([], dtype=uint8)|enabled:True|wants_pause:True]
    Select the type of image to save:Image
    Select the image to save:Overlay
    Select method for constructing file names:From image filename
    Select image name for file prefix:DAPI
    Enter single file name:rigBlue
    Number of digits:4
    Append a suffix to the image file name?:Yes
    Text to append to the image name:overlay
    Saved file format:png
    Output file location:Elsewhere...|/Users/hmball/Desktop/result/overlay
    Image bit depth:8-bit integer
    Overwrite existing files without warning?:No
    When to save:Every cycle
    Record the file and path information to the saved image?:No
    Create subfolders in the output folder?:No
    Base image folder:Elsewhere...|
    How to save the series:T (Time)
    Save with lossless compression?:Yes

SaveImages:[module_num:31|svn_version:'Unknown'|variable_revision_number:16|show_window:False|notes:[]|batch_state:array([], dtype=uint8)|enabled:True|wants_pause:False]
    Select the type of image to save:Image
    Select the image to save:Overlay_object_num
    Select method for constructing file names:From image filename
    Select image name for file prefix:DAPI
    Enter single file name:rigBlue
    Number of digits:4
    Append a suffix to the image file name?:Yes
    Text to append to the image name:overlay
    Saved file format:png
    Output file location:Elsewhere...|/Users/hmball/Desktop/result/Overlay obj number
    Image bit depth:8-bit integer
    Overwrite existing files without warning?:No
    When to save:Every cycle
    Record the file and path information to the saved image?:No
    Create subfolders in the output folder?:No
    Base image folder:Elsewhere...|
    How to save the series:T (Time)
    Save with lossless compression?:Yes

ExportToSpreadsheet:[module_num:32|svn_version:'Unknown'|variable_revision_number:13|show_window:False|notes:[]|batch_state:array([], dtype=uint8)|enabled:True|wants_pause:False]
    Select the column delimiter:Comma ("","")
    Add image metadata columns to your object data file?:No
    Add image file and folder names to your object data file?:No
    Select the measurements to export:No
    Calculate the per-image mean values for object measurements?:No
    Calculate the per-image median values for object measurements?:No
    Calculate the per-image standard deviation values for object measurements?:No
    Output file location:Elsewhere...|/Users/hmball/Desktop/result
    Create a GenePattern GCT file?:No
    Select source of sample row name:Metadata
    Select the image to use as the identifier:None
    Select the metadata to use as the identifier:None
    Export all measurement types?:No
    Press button to select measurements:
    Representation of Nan/Inf:NaN
    Add a prefix to file names?:Yes
    Filename prefix:MyExpt_
    Overwrite existing files without warning?:No
    Data to export:Experiment
    Combine these object measurements with those of the previous object?:No
    File name:DATA.csv
    Use the object name for the file name?:Yes
    Data to export:Image
    Combine these object measurements with those of the previous object?:No
    File name:DATA.csv
    Use the object name for the file name?:Yes
    Data to export:Final_Nuclei
    Combine these object measurements with those of the previous object?:No
    File name:DATA.csv
    Use the object name for the file name?:Yes
    Data to export:FilteredCells
    Combine these object measurements with those of the previous object?:No
    File name:DATA.csv
    Use the object name for the file name?:Yes
"
Run_Timestamp,2024-10-14T15:53:16.302261
